trx_type,tx_desc,menu
ACTIVE_DEBIT_CARD_ABROARD,?,Others
ADD_CREDIT_CARD,?,Others
BLOKIR_SALDO_BERJANGKA,?,Others
BNI_DEBIT_ONLINE_INIT,?,Others
CEK_STATUS_DIGITAL_LOAN,?,Others
CHECK_TRANSACTION_PASSWORD_BDO,?,Others
CREATE_BILLING_TRANSFER_AUTODEBET,?,Others
CREATE_BOOK_REDEEMABLE_SBNRITEL,?,Others
CREATE_DIGITAL_INVOICE,?,Digital_invoice
CREATE_DPLK_ACCOUNT,?,Others
CREATE_UPDATE_SMS_NOTIFICATION,?,Others
DANA_TUNAI_MYCARD,?,Mycard
DEBIT_CARD_DETAILS,?,Others
DELETE_BILLING_AUTODEBET,?,Others
DELETE_BNIDEBITONLINE,?,Others
DELETE_REKENING_DANA_SBNRITEL,?,Others
DELETE_REKENING_SURAT_BERHARGA_SBNRITEL,?,Others
GETDEBITCARDNUMBER,?,Others
GET_BILLER_MY_CARD,?,Mycard
GET_CARD_BY_ACCOUNT,?,Others
GET_FLEKSI_LOAN_OFFER_EFORM,?,Others
GET_INQUIRY_BNI_DEBIT_ONLINE,?,Others
GET_PARAMETER_MOBTUN_KEMITRAAN,?,Others
GET_TENOR_MYCARD,?,Mycard
HOLD_DEBIT_CARD,?,Others
INCREASE_LIMIT_MYCARD,?,Mycard
INQUIRY_AIR,AETRA,Inquiry
INQUIRY_AIR,PALYJA,Inquiry
INQUIRY_AIR,PDAM_BALIKPAPAN,Inquiry
INQUIRY_AIR,PDAM_BANDUNG,Inquiry
INQUIRY_AIR,PDAM_BANJARMASIN,Inquiry
INQUIRY_AIR,PDAM_BOGOR,Inquiry
INQUIRY_AIR,PDAM_BSD,Inquiry
INQUIRY_AIR,PDAM_DJI,Inquiry
INQUIRY_AIR,PDAM_FORTUNA,Inquiry
INQUIRY_AIR,PDAM_KABBOGOR,Inquiry
INQUIRY_AIR,PDAM_MANADO,Inquiry
INQUIRY_AIR,PDAM_MITRACOMM,Inquiry
INQUIRY_AIR,PDAM_MITRACOMM2,Inquiry
INQUIRY_AIR,PDAM_SEMARANG,Inquiry
INQUIRY_AIR,PDAM_SMT,Inquiry
INQUIRY_AIR,PDAM_SURABAYA,Inquiry
INQUIRY_ASURANSI_BPJS,BPJS_KESEHATAN_VA,Inquiry
INQUIRY_ASURANSI_BPJS,BPJS_KETENAGAKERJAAN,Inquiry
INQUIRY_ASURANSI_BPJS,BPJS_TKBPU,Inquiry
INQUIRY_BNI_DEBIT_ONLINE,?,Inquiry
INQUIRY_BNI_LIFE,BNILIFE_BIAYA_CETAK_ULANG_POLIS,Inquiry
INQUIRY_BNI_LIFE,BNILIFE_CETAK_ULANG_POLIS,Inquiry
INQUIRY_BNI_LIFE,BNILIFE_PINJAMAN_POLIS,Inquiry
INQUIRY_BNI_LIFE,BNILIFE_PREMI_LANJUTAN,Inquiry
INQUIRY_BNI_LIFE,BNILIFE_TOPUP_PREMI,Inquiry
INQUIRY_BOOK_ALL_SERIES_SBNRITEL,?,Inquiry
INQUIRY_BOOK_REDEEMABLE_SBNRITEL,?,Inquiry
INQUIRY_CENTRAL_ASIA_RAYA,CAR_OTHER,Inquiry
INQUIRY_CENTRAL_ASIA_RAYA,CAR_REGULER,Inquiry
INQUIRY_CUSTOMER_PROFIL_SBNRITEL,?,Inquiry
INQUIRY_DIGITALLOAN_FLEKSI,?,Inquiry
INQUIRY_INTERNET_SPEEDY,SPEEDY,Inquiry
INQUIRY_INVESTOR_SBNRITEL,?,Inquiry
INQUIRY_ISI_PULSA,AS,Inquiry
INQUIRY_ISI_PULSA,AXIS,Inquiry
INQUIRY_ISI_PULSA,FLEXI,Inquiry
INQUIRY_ISI_PULSA,FREN,Inquiry
INQUIRY_ISI_PULSA,IM3,Inquiry
INQUIRY_ISI_PULSA,INDOSAT,Inquiry
INQUIRY_ISI_PULSA,MENTARI,Inquiry
INQUIRY_ISI_PULSA,THREE,Inquiry
INQUIRY_ISI_PULSA,XL_EXTRA,Inquiry
INQUIRY_ISI_PULSA,XL_REG,Inquiry
INQUIRY_KARTU_KREDIT_ANTAR_BANK,AMEX,Inquiry
INQUIRY_KARTU_KREDIT_ANTAR_BANK,ANZ,Inquiry
INQUIRY_KARTU_KREDIT_ANTAR_BANK,BRI,Inquiry
INQUIRY_KARTU_KREDIT_ANTAR_BANK,BUKOPIN,Inquiry
INQUIRY_KARTU_KREDIT_ANTAR_BANK,CITIBANK,Inquiry
INQUIRY_KARTU_KREDIT_ANTAR_BANK,DANAMON,Inquiry
INQUIRY_KARTU_KREDIT_ANTAR_BANK,GE,Inquiry
INQUIRY_KARTU_KREDIT_ANTAR_BANK,HSBC,Inquiry
INQUIRY_KARTU_KREDIT_ANTAR_BANK,MEGA,Inquiry
INQUIRY_KARTU_KREDIT_ANTAR_BANK,NIAGA,Inquiry
INQUIRY_KARTU_KREDIT_ANTAR_BANK,PANIN,Inquiry
INQUIRY_KARTU_KREDIT_ANTAR_BANK,SCB,Inquiry
INQUIRY_KARTU_KREDIT_BNI,?,Inquiry
INQUIRY_KUALA_TANJUNG_MULTIPURPOSE_TERMINAL,KTMT,Inquiry
INQUIRY_MANUAL_ADVICE_PLN_PREPAID,?,Inquiry
INQUIRY_MOBILETUNAI,?,Inquiry
INQUIRY_MOBILETUNAI_DIRISENDIRI,?,Inquiry
INQUIRY_MOBILETUNAI_ORANGLAIN,?,Inquiry
INQUIRY_MOBILE_TUNAI_KEMITRAAN,?,Inquiry
INQUIRY_MPN,MPN_G2_DJA,Inquiry
INQUIRY_MPN,MPN_G2_DJBC,Inquiry
INQUIRY_MPN,MPN_G2_DJP,Inquiry
INQUIRY_MULTIFINANCE,ACC_FINANCE,Inquiry
INQUIRY_MULTIFINANCE,ADIRA_FINANCE,Inquiry
INQUIRY_MULTIFINANCE,BAF,Inquiry
INQUIRY_MULTIFINANCE,FIF,Inquiry
INQUIRY_MULTIFINANCE,KREDITPLUS,Inquiry
INQUIRY_MULTIFINANCE,NSC_FINANCE,Inquiry
INQUIRY_MULTIFINANCE,OTO_FINANCE,Inquiry
INQUIRY_MULTIFINANCE,SMS_FINANCE,Inquiry
INQUIRY_OTR,?,Inquiry
INQUIRY_PASKA_BAYAR_TELEPON,FREN_POSTPAID,Inquiry
INQUIRY_PASKA_BAYAR_TELEPON,HALO,Inquiry
INQUIRY_PASKA_BAYAR_TELEPON,INDOSAT_POSTPAID,Inquiry
INQUIRY_PASKA_BAYAR_TELEPON,MATRIX,Inquiry
INQUIRY_PASKA_BAYAR_TELEPON,TELKOM,Inquiry
INQUIRY_PASKA_BAYAR_TELEPON,THREE_POSTPAID,Inquiry
INQUIRY_PASKA_BAYAR_TELEPON,XPLOR,Inquiry
INQUIRY_PEGADAIAN_KCA,?,Inquiry
INQUIRY_PEGADAIAN_MIKRO,?,Inquiry
INQUIRY_PEGADAIAN_TABUNGAN_EMAS,?,Inquiry
INQUIRY_PEMBAYARAN_BNP2TKI,TKI,Inquiry
INQUIRY_PEMBAYARAN_JICT,JICT,Inquiry
INQUIRY_PEMBAYARAN_PAJAK_DAERAH,BPHTB,Inquiry
INQUIRY_PEMBAYARAN_PAJAK_DAERAH,BPHTB_BANYUASIN,Inquiry
INQUIRY_PEMBAYARAN_PAJAK_DAERAH,PAJAKDAERAH,Inquiry
INQUIRY_PEMBAYARAN_PAJAK_DAERAH,PDL,Inquiry
INQUIRY_PEMBAYARAN_PBB,PBB,Inquiry
INQUIRY_PEMBAYARAN_PELINDO1,PELINDO_1,Inquiry
INQUIRY_PEMBAYARAN_PELINDO2,PELINDO_2,Inquiry
INQUIRY_PEMBAYARAN_PELINDO3,PELINDO_3,Inquiry
INQUIRY_PEMBAYARAN_PELUNASAN_HAJI,?,Inquiry
INQUIRY_PEMBAYARAN_PGN,PGN,Inquiry
INQUIRY_PEMBAYARAN_RUMAH_ZAKAT,RUMAH_ZAKAT,Inquiry
INQUIRY_PEMBAYARAN_SAMSAT,SAMSAT_NASIONAL,Inquiry
INQUIRY_PEMBAYARAN_TIKET_RAILINK,RAILINK,Inquiry
INQUIRY_PEMBAYARAN_TPKKOJA,TPK_KOJA,Inquiry
INQUIRY_PEMBELIAN_DIGITAL_VOUCHER,DIGITAL_VOUCHER,Inquiry
INQUIRY_PEMBELIAN_LPG3K,Pertamina LPG3K,Inquiry
INQUIRY_PEMBELIAN_PAKET_DATA,INDOSAT_DATA,Inquiry
INQUIRY_PEMBELIAN_PAKET_DATA,TSELDATA,Inquiry
INQUIRY_PEMBELIAN_PAKET_DATA,XL_DATA,Inquiry
INQUIRY_PEMBELIAN_PLN_PREPAID,?,Inquiry
INQUIRY_PEMBELIAN_TOPUP_LINKCASH,?,Inquiry
INQUIRY_PEMBELIAN_TOPUP_LINKCASH,GOPAY_CUSTOMER,Inquiry
INQUIRY_PEMBELIAN_TOPUP_LINKCASH,GOPAY_DRIVER,Inquiry
INQUIRY_PEMBELIAN_VOUCHER_TV,ORANGETV,Inquiry
INQUIRY_PENDIDIKAN,SBMPTN,Inquiry
INQUIRY_PENDIDIKAN,UMPTKIN,Inquiry
INQUIRY_PENDIDIKAN_SPC,SPCH2H,Inquiry
INQUIRY_PENDIDIKAN_UTBK_LTMPT,SBMPTN,Inquiry
INQUIRY_PERSONAL_LOAN,ANZ_PL,Inquiry
INQUIRY_PERSONAL_LOAN,CITIBANK_PL,Inquiry
INQUIRY_PERSONAL_LOAN,HSBC_PL,Inquiry
INQUIRY_PERSONAL_LOAN,SCB_PL,Inquiry
INQUIRY_PLN_NON_TAGLIS,?,Inquiry
INQUIRY_PLN_POSTPAID,?,Inquiry
INQUIRY_PRUDENTIAL,PRUDENTIAL,Inquiry
INQUIRY_PRUDENTIAL,PRUDENTIAL_PREMI_PERTAMA,Inquiry
INQUIRY_REKENING_SURAT_BERHARGA_SBNRITEL,?,Inquiry
INQUIRY_SMS_NOTIFICATION,?,Inquiry
INQUIRY_TERM_DEPOSIT_RATE,?,Inquiry
INQUIRY_TIKET_KERETA_API,KAI,Inquiry
INQUIRY_TIKET_PENERBANGAN,CITILINK,Inquiry
INQUIRY_TIKET_PENERBANGAN,GARUDA,Inquiry
INQUIRY_TIKET_PENERBANGAN,LIONAIR,Inquiry
INQUIRY_TIKET_PENERBANGAN,SRIWIJAYA,Inquiry
INQUIRY_TOP_UP_AGEN_PENERBANGAN,LION_AIR,Inquiry
INQUIRY_TOP_UP_GOPAY,GOPAY_CUSTOMER,Inquiry
INQUIRY_TOP_UP_GOPAY,GOPAY_DRIVER,Inquiry
INQUIRY_TOP_UP_ISAKU,ISAKU,Inquiry
INQUIRY_TOP_UP_TAPCASH,?,Inquiry
INQUIRY_TOP_UP_UNIKQU,?,Inquiry
INQUIRY_TRANSFER_ANTAR_BANK,?,Inquiry
INQUIRY_TRANSFER_BNI,BNI,Inquiry
INQUIRY_TRANSFER_BNI_UTBK_LTMPT,BNI,Inquiry
INQUIRY_TRANSFER_DANA_PENSIUN,BNI,Inquiry
INQUIRY_TRANSFER_KLIRING,?,Inquiry
INQUIRY_TRANSFER_PEMBAYARAN_VA,?,Inquiry
INQUIRY_TRANSFER_PROXY_BIFAST,?,Inquiry
INQUIRY_TRANSFER_VIRTUAL_ACCOUNT,BNI,Inquiry
INQUIRY_TV_BERLANGGANAN,FIRSTMEDIA,Inquiry
INQUIRY_TV_BERLANGGANAN,INDOVISION,Inquiry
INQUIRY_TV_BERLANGGANAN,TRANSVISION,Inquiry
INSERT_DATA_BNI_OFFERING,?,Others
LINKAGE_DPLK,?,Others
LINKAGE_FINAL_DPLK,?,Others
OPEN_DEPOSIT_ACCOUNT,?,Others
OPEN_DPLK_BNI_SIMPONI,?,Others
OPEN_DPLK_BNI_SIMPONI_INIT,?,Others
OPEN_TAPENAS_ACCOUNT,?,Others
OPEN_TAPENAS_ACCOUNT_INIT,?,Others
OPEN_TAPENAS_SYARIAH_ACCOUNT,?,Others
OPEN_TAPENAS_SYARIAH_ACCOUNT_INIT,?,Others
OPEN_TAPLUS_ACCOUNT,?,Others
OPEN_TAPLUS_ACCOUNT_INIT,?,Others
OPEN_TAPLUS_SYARIAH_ACCOUNT,?,Others
OPEN_TAPLUS_SYARIAH_ACCOUNT_INIT,?,Others
PAYMENT_AIR,AETRA,Utilities Water
PAYMENT_AIR,PALYJA,Utilities Water
PAYMENT_AIR,PDAM_BALIKPAPAN,Utilities Water
PAYMENT_AIR,PDAM_BANDUNG,Utilities Water
PAYMENT_AIR,PDAM_BANJARMASIN,Utilities Water
PAYMENT_AIR,PDAM_BOGOR,Utilities Water
PAYMENT_AIR,PDAM_BSD,Utilities Water
PAYMENT_AIR,PDAM_DJI,Utilities Water
PAYMENT_AIR,PDAM_FORTUNA,Utilities Water
PAYMENT_AIR,PDAM_KABBOGOR,Utilities Water
PAYMENT_AIR,PDAM_MANADO,Utilities Water
PAYMENT_AIR,PDAM_MITRACOMM,Utilities Water
PAYMENT_AIR,PDAM_MITRACOMM2,Utilities Water
PAYMENT_AIR,PDAM_SEMARANG,Utilities Water
PAYMENT_AIR,PDAM_SMT,Utilities Water
PAYMENT_AIR,PDAM_SURABAYA,Utilities Water
PAYMENT_ASURANSI_BPJS,BPJS_KESEHATAN_VA,Asuransi
PAYMENT_ASURANSI_BPJS,BPJS_KETENAGAKERJAAN,Asuransi
PAYMENT_ASURANSI_BPJS,BPJS_TKBPU,Asuransi
PAYMENT_BNI_DEBIT_ONLINE,?,Payment Others
PAYMENT_BNI_LIFE,BNILIFE_BIAYA_CETAK_ULANG_POLIS,Asuransi
PAYMENT_BNI_LIFE,BNILIFE_TOPUP_PREMI,Asuransi
PAYMENT_CENTRAL_ASIA_RAYA,CAR_OTHER,Asuransi
PAYMENT_CENTRAL_ASIA_RAYA,CAR_REGULER,Asuransi
PAYMENT_INTERNET_SPEEDY,SPEEDY,Utilities Internet
PAYMENT_ISI_PULSA,AS,Utilities Telco
PAYMENT_ISI_PULSA,AXIS,Utilities Telco
PAYMENT_ISI_PULSA,FLEXI,Utilities Telco
PAYMENT_ISI_PULSA,FREN,Utilities Telco
PAYMENT_ISI_PULSA,IM3,Utilities Telco
PAYMENT_ISI_PULSA,INDOSAT,Utilities Telco
PAYMENT_ISI_PULSA,MENTARI,Utilities Telco
PAYMENT_ISI_PULSA,THREE,Utilities Telco
PAYMENT_ISI_PULSA,XL_EXTRA,Utilities Telco
PAYMENT_ISI_PULSA,XL_REG,Utilities Telco
PAYMENT_KARTU_KREDIT_ANTAR_BANK,AMEX,Loan CC Bank Lain
PAYMENT_KARTU_KREDIT_ANTAR_BANK,ANZ,Loan CC Bank Lain
PAYMENT_KARTU_KREDIT_ANTAR_BANK,BRI,Loan CC Bank Lain
PAYMENT_KARTU_KREDIT_ANTAR_BANK,BUKOPIN,Loan CC Bank Lain
PAYMENT_KARTU_KREDIT_ANTAR_BANK,CITIBANK,Loan CC Bank Lain
PAYMENT_KARTU_KREDIT_ANTAR_BANK,DANAMON,Loan CC Bank Lain
PAYMENT_KARTU_KREDIT_ANTAR_BANK,GE,Loan CC Bank Lain
PAYMENT_KARTU_KREDIT_ANTAR_BANK,HSBC,Loan CC Bank Lain
PAYMENT_KARTU_KREDIT_ANTAR_BANK,MEGA,Loan CC Bank Lain
PAYMENT_KARTU_KREDIT_ANTAR_BANK,NIAGA,Loan CC Bank Lain
PAYMENT_KARTU_KREDIT_ANTAR_BANK,PANIN,Loan CC Bank Lain
PAYMENT_KARTU_KREDIT_ANTAR_BANK,SCB,Loan CC Bank Lain
PAYMENT_KARTU_KREDIT_BNI,CC_BNI,Loan CC BNI
PAYMENT_KUALA_TANJUNG_MULTIPURPOSE_TERMINAL,KTMT,Ticketing
PAYMENT_MPN,MPN_G2,Payment MPN G2
PAYMENT_MULTIFINANCE,ACC_FINANCE,Loan Pinjaman
PAYMENT_MULTIFINANCE,ADIRA_FINANCE,Loan Pinjaman
PAYMENT_MULTIFINANCE,BAF,Loan Pinjaman
PAYMENT_MULTIFINANCE,FIF,Loan Pinjaman
PAYMENT_MULTIFINANCE,KREDITPLUS,Loan Pinjaman
PAYMENT_MULTIFINANCE,NSC_FINANCE,Loan Pinjaman
PAYMENT_MULTIFINANCE,OTO_FINANCE,Loan Pinjaman
PAYMENT_MULTIFINANCE,SMS_FINANCE,Loan Pinjaman
PAYMENT_PASKA_BAYAR_TELEPON,FREN_POSTPAID,Utilities Telco
PAYMENT_PASKA_BAYAR_TELEPON,HALO,Utilities Telco
PAYMENT_PASKA_BAYAR_TELEPON,INDOSAT_POSTPAID,Utilities Telco
PAYMENT_PASKA_BAYAR_TELEPON,MATRIX,Utilities Telco
PAYMENT_PASKA_BAYAR_TELEPON,TELKOM,Utilities Telco
PAYMENT_PASKA_BAYAR_TELEPON,THREE_POSTPAID,Utilities Telco
PAYMENT_PASKA_BAYAR_TELEPON,XPLOR,Utilities Telco
PAYMENT_PEGADAIAN_KCA,PEGADAIAN,Payment Pegadaian
PAYMENT_PEGADAIAN_MIKRO,PEGADAIAN,Payment Pegadaian
PAYMENT_PEGADAIAN_TABUNGAN_EMAS,PEGADAIAN,Payment Pegadaian
PAYMENT_PEMBAYARAN_ACT,ACT,Payment Others
PAYMENT_PEMBAYARAN_BNP2TKI,TKI,Payment Others
PAYMENT_PEMBAYARAN_JICT,JICT,Payment Others
PAYMENT_PEMBAYARAN_PAJAK_DAERAH,BPHTB,Payment Pajak
PAYMENT_PEMBAYARAN_PAJAK_DAERAH,BPHTB_BANYUASIN,Payment Pajak
PAYMENT_PEMBAYARAN_PAJAK_DAERAH,PAJAKDAERAH,Payment Pajak
PAYMENT_PEMBAYARAN_PAJAK_DAERAH,PDL,Payment Pajak
PAYMENT_PEMBAYARAN_PBB,PBB,Payment Pajak
PAYMENT_PEMBAYARAN_PELINDO1,PELINDO I,Payment Pelindo
PAYMENT_PEMBAYARAN_PELINDO2,PELINDO 2,Payment Pelindo
PAYMENT_PEMBAYARAN_PELINDO3,PELINDO III,Payment Pelindo
PAYMENT_PEMBAYARAN_PELUNASAN_HAJI,?,Payment Others
PAYMENT_PEMBAYARAN_PGN,PGN,Utilities Gas
PAYMENT_PEMBAYARAN_RUMAH_ZAKAT,RUMAH_ZAKAT,Charity
PAYMENT_PEMBAYARAN_SAMSAT,SAMSAT_NASIONAL,Payment Pajak
PAYMENT_PEMBAYARAN_TIKET_RAILINK,RAILINK,Payment Ticketing
PAYMENT_PEMBAYARAN_TPKKOJA,TPK_KOJA,Payment Others
PAYMENT_PEMBELIAN_DIGITAL_VOUCHER,DIGITAL_VOUCHER,Utilities Telco
PAYMENT_PEMBELIAN_LPG3K,Pertamina LPG3K,Utilities GAs
PAYMENT_PEMBELIAN_PAKET_DATA,INDOSAT_DATA,Utilities Telco
PAYMENT_PEMBELIAN_PAKET_DATA,TSELDATA,Utilities Telco
PAYMENT_PEMBELIAN_PAKET_DATA,XL_DATA,Utilities Telco
PAYMENT_PEMBELIAN_PLN_PREPAID,?,Utilities PLN
PAYMENT_PEMBELIAN_TOPUP_LINKCASH,LINKAJATCASH,Fintech Linkaja
PAYMENT_PEMBELIAN_VOUCHER_TV,ORANGETV,Utilities TV
PAYMENT_PENDIDIKAN,SBMPTN,Payment Pendidikan
PAYMENT_PENDIDIKAN,UMPTKIN,Payment Pendidikan
PAYMENT_PENDIDIKAN_SPC,SPCH2H,Payment Pendidikan
PAYMENT_PENDIDIKAN_UTBK_LTMPT,SBMPTN,Payment Pendidikan
PAYMENT_PERSONAL_LOAN,ANZ_PL,Loan Pinjaman
PAYMENT_PERSONAL_LOAN,CITIBANK_PL,Loan Pinjaman
PAYMENT_PERSONAL_LOAN,HSBC_PL,Loan Pinjaman
PAYMENT_PERSONAL_LOAN,SCB_PL,Loan Pinjaman
PAYMENT_PLN_NON_TAGLIS,?,Utilities PLN
PAYMENT_PLN_POSTPAID,PAYMENT_PLN_POSTPAID_JABAR,Utilities PLN
PAYMENT_PLN_POSTPAID,PAYMENT_PLN_POSTPAID_JATIM,Utilities PLN
PAYMENT_PRUDENTIAL,PRUDENTIAL,Asuransi
PAYMENT_PRUDENTIAL,PRUDENTIAL_PREMI_PERTAMA,Asuransi
PAYMENT_TIKET_KERETA_API,KAI,Payment Ticketing
PAYMENT_TIKET_PENERBANGAN,CITILINK,Payment Ticketing
PAYMENT_TIKET_PENERBANGAN,GARUDA,Payment Ticketing
PAYMENT_TIKET_PENERBANGAN,LIONAIR,Payment Ticketing
PAYMENT_TIKET_PENERBANGAN,SRIWIJAYA,Payment Ticketing
PAYMENT_TOP_UP_AGEN_PENERBANGAN,LION_AIR,Payment Ticketing
PAYMENT_TOP_UP_GOPAY,GOPAY,Fintech Gopay
PAYMENT_TOP_UP_GOPAY,GOPAY_CUSTOMER,Fintech Gopay
PAYMENT_TOP_UP_GOPAY,GOPAY_DRIVER,Fintech Gopay
PAYMENT_TOP_UP_ISAKU,ISAKU,Fintech Others
PAYMENT_TOP_UP_TAPCASH,?,Fintech Tapcash
PAYMENT_TOP_UP_UNIKQU,?,Fintech Others
PAYMENT_TRANSFER_ANTARBANK_BI_FAST,?,Transfer Antar Bank
PAYMENT_TRANSFER_PEMBAYARAN_VA,?,Fintech Virtual Account
PAYMENT_TRANSFER_PEMBAYARAN_VA,2,Fintech Virtual Account
PAYMENT_TRANSFER_PEMBAYARAN_VA,BPHTB,Fintech Virtual Account
PAYMENT_TRANSFER_PEMBAYARAN_VA,BPHTB_BANYUASIN,Fintech Virtual Account
PAYMENT_TRANSFER_PEMBAYARAN_VA,BPJSTK BPU,Fintech Virtual Account
PAYMENT_TRANSFER_PEMBAYARAN_VA,DANA,Fintech Virtual Account
PAYMENT_TRANSFER_PEMBAYARAN_VA,LION_AIR,Payment Ticketing
PAYMENT_TRANSFER_PEMBAYARAN_VA,OVO,Fintech Virtual Account
PAYMENT_TRANSFER_PEMBAYARAN_VA,PAJAKDAERAH,Fintech Virtual Account
PAYMENT_TRANSFER_PEMBAYARAN_VA,ShopeePay,Fintech Virtual Account
PAYMENT_TV_BERLANGGANAN,FIRSTMEDIA,Utilities TV
PAYMENT_TV_BERLANGGANAN,INDOVISION,Utilities TV
PAYMENT_TV_BERLANGGANAN,TRANSVISION,Utilities TV
PAYMENT_ZIS,INFAQ_BAMUIS,Payment Charity
PAYMENT_ZIS,INFAQ_BAZNAS,Payment Charity
PAYMENT_ZIS,INFAQ_DOMPET_DHUAFA,Payment Charity
PAYMENT_ZIS,INFAQ_DPU_DAARUT_TAUHID,Payment Charity
PAYMENT_ZIS,INFAQ_PKPU,Payment Charity
PAYMENT_ZIS,INFAQ_PPSDMS,Payment Charity
PAYMENT_ZIS,QURBAN_BAZNAS,Payment Charity
PAYMENT_ZIS,QURBAN_DOMPET_DHUAFA,Payment Charity
PAYMENT_ZIS,QURBAN_DPU_DAARUT_TAUHID,Payment Charity
PAYMENT_ZIS,QURBAN_PKPU,Payment Charity
PAYMENT_ZIS,QURBAN_RUMAH_ZAKAT,Payment Charity
PAYMENT_ZIS,WAKAF_DOMPET_DHUAFA,Payment Charity
PAYMENT_ZIS,ZAKAT_BAMUIS,Payment Charity
PAYMENT_ZIS,ZAKAT_BAZNAS,Payment Charity
PAYMENT_ZIS,ZAKAT_DOMPET_DHUAFA,Payment Charity
PAYMENT_ZIS,ZAKAT_DPU_DAARUT_TAUHID,Payment Charity
PAYMENT_ZIS,ZAKAT_PKPU,Payment Charity
PAYMENT_ZIS,ZAKAT_PPSDMS,Payment Charity
PAYMENT_ZIS,ZAKAT_RUMAH_ZAKAT,Payment Charity
PENCAIRAN_REKENING_TABUNGAN,?,Others
PERMINTAAN_KODE_TRANSAKSI_MOBTUN_KEMITRAAN_ALFAMART,?,Others
PERMINTAAN_KODE_TRANSAKSI_MOBTUN_KEMITRAAN_INDOMARET,?,Others
PIN_CHANGE_DEBIT_CARD,?,Others
PROXY_MANAGEMENT,?,Others
PROXY_REGISTER_INQUIRY,?,Others
PROXY_RESOLUTION,?,Others
QR_GENERATE_CPM,?,Others
QR_PAYMENT_DEBIT,?,Others
QR_REFUND,?,Others
QR_REVERSAL,?,Others
REGISTER_INVESTOR_SBNRITEL,?,Others
REGISTER_PEMESANAN_SBNRITEL,?,Others
REGISTER_REKENING_DANA_SBNRITEL,?,Others
REGISTER_REKENING_SURAT_BERHARGA_SBNRITEL,?,Others
REGISTRATION_CREDIT_CARD,?,Others
REKSADANA_ORDER_SWITCHING,?,Others
REKSADANA_REDEMPTION,?,Others
REKSADANA_SUBSCRIPTION,?,Others
REKSADANA_TOPUP,?,Others
REMOVE_CREDIT_CARD,?,Others
REQUEST_FCM_BNI_OFFERING,FCM,Others
REQUEST_FCM_GENERAL,FCM,Others
REQUEST_FCM_MPNG3,FCM,Others
REQUEST_PIN_MOBILETUNAI,?,Others
REQUEST_PIN_MOBILETUNAI_DIRISENDIRI,?,Others
REQUEST_PIN_MOBILETUNAI_ORANGLAIN,?,Others
REQUEST_VCN,?,Others
SET_AHLI_WARIS_DPLK,?,Others
SET_FLEKSI_LOAN_DISBURSEMENT_EFORM,FLEKSI,Others
SET_FLEKSI_SUBMIT_PAYROLL,?,Others
SUBMIT_BILL_PAYMENT_MY_CARD,?,Others
SUBMIT_UBAH_CICILAN_MYCARD,?,Others
SWT,BANK BTPN,Transfer Antar Bank
SWT,BANK BUKOPIN,Transfer Antar Bank
SWT,BANK CENTRAL ASIA,Transfer Antar Bank
SWT,BANK DANAMON INDONESIA,Transfer Antar Bank
SWT,BANK MANDIRI,Transfer Antar Bank
SWT,BANK RAKYAT INDONESIA,Transfer Antar Bank
SWT,BANK SYARIAH MANDIRI,Transfer Antar Bank
SWT,BANK TABUNGAN NEGARA,Transfer Antar Bank
SWT,BSI,Transfer Antar Bank
SWT,BSI ex BRIS,Transfer Antar Bank
SWT,BSI ex BSM,Transfer Antar Bank
TRANSFER_ANTAR_BANK,?,Transfer Antar Bank
TRANSFER_ANTAR_BANK,BANGKOK BANK,Transfer Antar Bank
TRANSFER_ANTAR_BANK,BANK ACEH,Transfer Antar Bank
TRANSFER_ANTAR_BANK,BANK ACEH SYARIAH,Transfer Antar Bank
TRANSFER_ANTAR_BANK,BANK AGRIS,Transfer Antar Bank
TRANSFER_ANTAR_BANK,BANK AGRO,Transfer Antar Bank
TRANSFER_ANTAR_BANK,BANK ALLO,Transfer Antar Bank
TRANSFER_ANTAR_BANK,BANK AMAR INDONESIA,Transfer Antar Bank
TRANSFER_ANTAR_BANK,BANK ARTHA GRAHA,Transfer Antar Bank
TRANSFER_ANTAR_BANK,BANK ARTHA GRAHA INTERNASIONAL,Transfer Antar Bank
TRANSFER_ANTAR_BANK,BANK ARTOS,Transfer Antar Bank
TRANSFER_ANTAR_BANK,BANK ARTOS INDONESIA,Transfer Antar Bank
TRANSFER_ANTAR_BANK,BANK ATMB LSB,Transfer Antar Bank
TRANSFER_ANTAR_BANK,BANK BCA,Transfer Antar Bank
TRANSFER_ANTAR_BANK,BANK BCA SYARIAH,Transfer Antar Bank
TRANSFER_ANTAR_BANK,BANK BENGKULU,Transfer Antar Bank
TRANSFER_ANTAR_BANK,BANK BJB,Transfer Antar Bank
TRANSFER_ANTAR_BANK,BANK BJB SYARIAH,Transfer Antar Bank
TRANSFER_ANTAR_BANK,BANK BNP,Transfer Antar Bank
TRANSFER_ANTAR_BANK,BANK BPD DIY,Transfer Antar Bank
TRANSFER_ANTAR_BANK,BANK BPD KALSEL,Transfer Antar Bank
TRANSFER_ANTAR_BANK,BANK BRI,Transfer Antar Bank
TRANSFER_ANTAR_BANK,BANK BRI SYARIAH,Transfer Antar Bank
TRANSFER_ANTAR_BANK,BANK BSI,Transfer Antar Bank
TRANSFER_ANTAR_BANK,BANK BSI EX BSM,Transfer Antar Bank
TRANSFER_ANTAR_BANK,BANK BTN,Transfer Antar Bank
TRANSFER_ANTAR_BANK,BANK BTN SYARIAH,Transfer Antar Bank
TRANSFER_ANTAR_BANK,BANK BTPN,Transfer Antar Bank
TRANSFER_ANTAR_BANK,BANK BUKOPIN,Transfer Antar Bank
TRANSFER_ANTAR_BANK,BANK BUMI ARTA,Transfer Antar Bank
TRANSFER_ANTAR_BANK,BANK CAPITAL,Transfer Antar Bank
TRANSFER_ANTAR_BANK,BANK CAPITAL INDONESIA,Transfer Antar Bank
TRANSFER_ANTAR_BANK,BANK CCB INDONESIA,Transfer Antar Bank
TRANSFER_ANTAR_BANK,BANK CENTRAL ASIA,Transfer Antar Bank
TRANSFER_ANTAR_BANK,BANK CHINATRUST INDONESIA,Transfer Antar Bank
TRANSFER_ANTAR_BANK,BANK CIMB NIAGA,Transfer Antar Bank
TRANSFER_ANTAR_BANK,BANK CIMB NIAGA SYARIAH,Transfer Antar Bank
TRANSFER_ANTAR_BANK,BANK COMMONWEALTH,Transfer Antar Bank
TRANSFER_ANTAR_BANK,BANK DANAMON,Transfer Antar Bank
TRANSFER_ANTAR_BANK,BANK DANAMON INDONESIA,Transfer Antar Bank
TRANSFER_ANTAR_BANK,BANK DBS,Transfer Antar Bank
TRANSFER_ANTAR_BANK,BANK DBS INDONESIA,Transfer Antar Bank
TRANSFER_ANTAR_BANK,BANK DINAR,Transfer Antar Bank
TRANSFER_ANTAR_BANK,BANK DINAR INDONESIA,Transfer Antar Bank
TRANSFER_ANTAR_BANK,BANK DKI,Transfer Antar Bank
TRANSFER_ANTAR_BANK,BANK GANESHA,Transfer Antar Bank
TRANSFER_ANTAR_BANK,BANK HARDA,Transfer Antar Bank
TRANSFER_ANTAR_BANK,BANK HARDA INTERNASIONAL,Transfer Antar Bank
TRANSFER_ANTAR_BANK,BANK HSBC Indonesia,Transfer Antar Bank
TRANSFER_ANTAR_BANK,BANK IBK INDONESIA,Transfer Antar Bank
TRANSFER_ANTAR_BANK,BANK ICBC INDONESIA,Transfer Antar Bank
TRANSFER_ANTAR_BANK,BANK INA,Transfer Antar Bank
TRANSFER_ANTAR_BANK,BANK INA PERDANA,Transfer Antar Bank
TRANSFER_ANTAR_BANK,BANK INDEX,Transfer Antar Bank
TRANSFER_ANTAR_BANK,BANK INDEX SELINDO,Transfer Antar Bank
TRANSFER_ANTAR_BANK,BANK INTERNASIONAL INDONESIA,Transfer Antar Bank
TRANSFER_ANTAR_BANK,BANK JABAR BANTEN SYARIAH,Transfer Antar Bank
TRANSFER_ANTAR_BANK,BANK JAGO,Transfer Antar Bank
TRANSFER_ANTAR_BANK,BANK JAMBI,Transfer Antar Bank
TRANSFER_ANTAR_BANK,BANK JASA JAKARTA,Transfer Antar Bank
TRANSFER_ANTAR_BANK,BANK JATENG,Transfer Antar Bank
TRANSFER_ANTAR_BANK,BANK JATIM,Transfer Antar Bank
TRANSFER_ANTAR_BANK,BANK JTRUST INDONESIA,Transfer Antar Bank
TRANSFER_ANTAR_BANK,BANK KALBAR,Transfer Antar Bank
TRANSFER_ANTAR_BANK,BANK KALIMANTAN TENGAH,Transfer Antar Bank
TRANSFER_ANTAR_BANK,BANK KALSEL,Transfer Antar Bank
TRANSFER_ANTAR_BANK,BANK KALTENG,Transfer Antar Bank
TRANSFER_ANTAR_BANK,BANK KALTIM,Transfer Antar Bank
TRANSFER_ANTAR_BANK,BANK KB BUKOPIN,Transfer Antar Bank
TRANSFER_ANTAR_BANK,BANK KB BUKOPIN SYARIAH,Transfer Antar Bank
TRANSFER_ANTAR_BANK,BANK KEB HANA,Transfer Antar Bank
TRANSFER_ANTAR_BANK,BANK KEB HANA INDONESIA,Transfer Antar Bank
TRANSFER_ANTAR_BANK,BANK KESEJAHTERAAN,Transfer Antar Bank
TRANSFER_ANTAR_BANK,BANK KESEJAHTERAAN EKONOMI,Transfer Antar Bank
TRANSFER_ANTAR_BANK,BANK LAMPUNG,Transfer Antar Bank
TRANSFER_ANTAR_BANK,BANK LINK AJA,Transfer Antar Bank
TRANSFER_ANTAR_BANK,BANK MALUKU,Transfer Antar Bank
TRANSFER_ANTAR_BANK,BANK MANDIRI,Transfer Antar Bank
TRANSFER_ANTAR_BANK,BANK MAS,Transfer Antar Bank
TRANSFER_ANTAR_BANK,BANK MASPION,Transfer Antar Bank
TRANSFER_ANTAR_BANK,BANK MASPION INDONESIA,Transfer Antar Bank
TRANSFER_ANTAR_BANK,BANK MAYAPADA,Transfer Antar Bank
TRANSFER_ANTAR_BANK,BANK MAYAPADA INTERNATIONAL,Transfer Antar Bank
TRANSFER_ANTAR_BANK,BANK MAYORA,Transfer Antar Bank
TRANSFER_ANTAR_BANK,BANK MEGA,Transfer Antar Bank
TRANSFER_ANTAR_BANK,BANK MEGA SYARIAH,Transfer Antar Bank
TRANSFER_ANTAR_BANK,BANK MESTIKA,Transfer Antar Bank
TRANSFER_ANTAR_BANK,BANK MESTIKA DHARMA,Transfer Antar Bank
TRANSFER_ANTAR_BANK,BANK MNC BUMIPUTERA,Transfer Antar Bank
TRANSFER_ANTAR_BANK,BANK MUAMALAT,Transfer Antar Bank
TRANSFER_ANTAR_BANK,BANK MUAMALAT INDONESIA,Transfer Antar Bank
TRANSFER_ANTAR_BANK,BANK MULTI ARTA SENTOSA,Transfer Antar Bank
TRANSFER_ANTAR_BANK,BANK NAGARI,Transfer Antar Bank
TRANSFER_ANTAR_BANK,BANK NATIONALNOBU,Transfer Antar Bank
TRANSFER_ANTAR_BANK,BANK NEO COMMERCE,Transfer Antar Bank
TRANSFER_ANTAR_BANK,BANK NTB,Transfer Antar Bank
TRANSFER_ANTAR_BANK,BANK NTT,Transfer Antar Bank
TRANSFER_ANTAR_BANK,BANK NUSANTARA PARAHYANGAN,Transfer Antar Bank
TRANSFER_ANTAR_BANK,BANK OCBC NISP,Transfer Antar Bank
TRANSFER_ANTAR_BANK,BANK OF CHINA,Transfer Antar Bank
TRANSFER_ANTAR_BANK,BANK OF INDIA INDONESIA,Transfer Antar Bank
TRANSFER_ANTAR_BANK,BANK OF TOKYO MITSUBISHI UFJ,Transfer Antar Bank
TRANSFER_ANTAR_BANK,BANK OF TOKYO-MITSUBISHI UFJ,Transfer Antar Bank
TRANSFER_ANTAR_BANK,BANK OKE,Transfer Antar Bank
TRANSFER_ANTAR_BANK,BANK OKE INDONESIA,Transfer Antar Bank
TRANSFER_ANTAR_BANK,BANK PANIN,Transfer Antar Bank
TRANSFER_ANTAR_BANK,BANK PANIN DUBAI SYARIAH,Transfer Antar Bank
TRANSFER_ANTAR_BANK,BANK PAPUA,Transfer Antar Bank
TRANSFER_ANTAR_BANK,BANK PERMATA,Transfer Antar Bank
TRANSFER_ANTAR_BANK,BANK RABOBANK INTERNATIONAL INDONESIA,Transfer Antar Bank
TRANSFER_ANTAR_BANK,BANK RAKYAT INDONESIA,Transfer Antar Bank
TRANSFER_ANTAR_BANK,BANK RAKYAT INDONESIA AGRONIAGA,Transfer Antar Bank
TRANSFER_ANTAR_BANK,BANK RAYA INDONESIA,Transfer Antar Bank
TRANSFER_ANTAR_BANK,BANK RIAU KEPRI,Transfer Antar Bank
TRANSFER_ANTAR_BANK,BANK ROYAL INDONESIA,Transfer Antar Bank
TRANSFER_ANTAR_BANK,BANK S.SAMPOERNA,Transfer Antar Bank
TRANSFER_ANTAR_BANK,BANK SAHABAT SAMPOERNA,Transfer Antar Bank
TRANSFER_ANTAR_BANK,BANK SBI,Transfer Antar Bank
TRANSFER_ANTAR_BANK,BANK SBI INDONESIA,Transfer Antar Bank
TRANSFER_ANTAR_BANK,BANK SEABANK INDONESIA,Transfer Antar Bank
TRANSFER_ANTAR_BANK,BANK SHINHAN,Transfer Antar Bank
TRANSFER_ANTAR_BANK,BANK SHINHAN INDONESIA,Transfer Antar Bank
TRANSFER_ANTAR_BANK,BANK SINARMAS,Transfer Antar Bank
TRANSFER_ANTAR_BANK,BANK SULSELBAR,Transfer Antar Bank
TRANSFER_ANTAR_BANK,BANK SULTENG,Transfer Antar Bank
TRANSFER_ANTAR_BANK,BANK SULTRA,Transfer Antar Bank
TRANSFER_ANTAR_BANK,BANK SULUT,Transfer Antar Bank
TRANSFER_ANTAR_BANK,BANK SULUTGO,Transfer Antar Bank
TRANSFER_ANTAR_BANK,BANK SUMSELBABEL,Transfer Antar Bank
TRANSFER_ANTAR_BANK,BANK SUMUT,Transfer Antar Bank
TRANSFER_ANTAR_BANK,BANK SYARIAH BUKOPIN,Transfer Antar Bank
TRANSFER_ANTAR_BANK,BANK SYARIAH INDONESIA,Transfer Antar Bank
TRANSFER_ANTAR_BANK,BANK SYARIAH MANDIRI,Transfer Antar Bank
TRANSFER_ANTAR_BANK,BANK TABUNGAN NEGARA,Transfer Antar Bank
TRANSFER_ANTAR_BANK,BANK TABUNGAN PENSIUNAN NASIONAL,Transfer Antar Bank
TRANSFER_ANTAR_BANK,BANK TABUNGAN PENSIUNAN NASIONAL SYARIAH,Transfer Antar Bank
TRANSFER_ANTAR_BANK,BANK UOB INDONESIA,Transfer Antar Bank
TRANSFER_ANTAR_BANK,BANK VICTORIA,Transfer Antar Bank
TRANSFER_ANTAR_BANK,BANK VICTORIA INTERNATIONAL,Transfer Antar Bank
TRANSFER_ANTAR_BANK,BANK VICTORIA SYARIAH,Transfer Antar Bank
TRANSFER_ANTAR_BANK,BANK WOORI SAUDARA,Transfer Antar Bank
TRANSFER_ANTAR_BANK,BANK YUDHA BAKTI,Transfer Antar Bank
TRANSFER_ANTAR_BANK,BANK YUDHA BHAKTI,Transfer Antar Bank
TRANSFER_ANTAR_BANK,BCA,Transfer Antar Bank
TRANSFER_ANTAR_BANK,BCA DIGITAL,Transfer Antar Bank
TRANSFER_ANTAR_BANK,BCA SYARIAH,Transfer Antar Bank
TRANSFER_ANTAR_BANK,BII MAYBANK,Transfer Antar Bank
TRANSFER_ANTAR_BANK,BPD BALI,Transfer Antar Bank
TRANSFER_ANTAR_BANK,BPD BENGKULU,Transfer Antar Bank
TRANSFER_ANTAR_BANK,BPD JAMBI,Transfer Antar Bank
TRANSFER_ANTAR_BANK,BPD JAWA BARAT DAN BANTEN,Transfer Antar Bank
TRANSFER_ANTAR_BANK,BPD JAWA TENGAH,Transfer Antar Bank
TRANSFER_ANTAR_BANK,BPD JAWA TIMUR,Transfer Antar Bank
TRANSFER_ANTAR_BANK,BPD KALIMANTAN BARAT,Transfer Antar Bank
TRANSFER_ANTAR_BANK,BPD KALIMANTAN SELATAN,Transfer Antar Bank
TRANSFER_ANTAR_BANK,BPD KALIMANTAN SELATAN SYARIAH,Transfer Antar Bank
TRANSFER_ANTAR_BANK,BPD KALIMANTAN TIMUR DAN KALIMANTAN UTARA,Transfer Antar Bank
TRANSFER_ANTAR_BANK,BPD KALIMANTAN TIMUR DAN KALIMANTAN UTARA UUS,Transfer Antar Bank
TRANSFER_ANTAR_BANK,BPD LAMPUNG,Transfer Antar Bank
TRANSFER_ANTAR_BANK,BPD MALUKU,Transfer Antar Bank
TRANSFER_ANTAR_BANK,BPD NUSA TENGGARA TIMUR,Transfer Antar Bank
TRANSFER_ANTAR_BANK,BPD PAPUA,Transfer Antar Bank
TRANSFER_ANTAR_BANK,BPD RIAU KEPRI,Transfer Antar Bank
TRANSFER_ANTAR_BANK,BPD SULAWESI SELATAN DAN SULAWESI BARAT,Transfer Antar Bank
TRANSFER_ANTAR_BANK,BPD SULAWESI TENGAH,Transfer Antar Bank
TRANSFER_ANTAR_BANK,BPD SULAWESI TENGGARA,Transfer Antar Bank
TRANSFER_ANTAR_BANK,BPD SULAWESI UTARA,Transfer Antar Bank
TRANSFER_ANTAR_BANK,BPD SUMATERA SELATAN DAN BANGKA BELITUNG,Transfer Antar Bank
TRANSFER_ANTAR_BANK,BPD SUMATERA UTARA,Transfer Antar Bank
TRANSFER_ANTAR_BANK,BPD YOGYAKARTA,Transfer Antar Bank
TRANSFER_ANTAR_BANK,BPD YOGYAKARTA SYARIAH,Transfer Antar Bank
TRANSFER_ANTAR_BANK,BPR KARYAJATNIKA SADAYA,Transfer Antar Bank
TRANSFER_ANTAR_BANK,BPR KS,Transfer Antar Bank
TRANSFER_ANTAR_BANK,BPR Supra,Transfer Antar Bank
TRANSFER_ANTAR_BANK,BPR/LSB,Transfer Antar Bank
TRANSFER_ANTAR_BANK,BRI SYARIAH,Transfer Antar Bank
TRANSFER_ANTAR_BANK,BSI ex BNIS,Transfer Antar Bank
TRANSFER_ANTAR_BANK,BSI ex BRIS,Transfer Antar Bank
TRANSFER_ANTAR_BANK,BSI ex BSM,Transfer Antar Bank
TRANSFER_ANTAR_BANK,BTPN SYARIAH,Transfer Antar Bank
TRANSFER_ANTAR_BANK,Bank China Construction Bank Indonesia,Transfer Antar Bank
TRANSFER_ANTAR_BANK,Bank of China (Hongkong) Limited,Transfer Antar Bank
TRANSFER_ANTAR_BANK,CIMB NIAGA,Transfer Antar Bank
TRANSFER_ANTAR_BANK,CITIBANK,Transfer Antar Bank
TRANSFER_ANTAR_BANK,COMMONWEALTH BANK,Transfer Antar Bank
TRANSFER_ANTAR_BANK,CTBC BANK,Transfer Antar Bank
TRANSFER_ANTAR_BANK,DANAMON,Transfer Antar Bank
TRANSFER_ANTAR_BANK,DBS,Transfer Antar Bank
TRANSFER_ANTAR_BANK,DBS/Eks-ANZ,Transfer Antar Bank
TRANSFER_ANTAR_BANK,DOMPETKU,Transfer Antar Bank
TRANSFER_ANTAR_BANK,Eks-ANZ,Transfer Antar Bank
TRANSFER_ANTAR_BANK,ICBC,Transfer Antar Bank
TRANSFER_ANTAR_BANK,JTRUST BANK,Transfer Antar Bank
TRANSFER_ANTAR_BANK,KEB HANA BANK,Transfer Antar Bank
TRANSFER_ANTAR_BANK,MANDIRI,Transfer Antar Bank
TRANSFER_ANTAR_BANK,MANDIRI SYARIAH,Transfer Antar Bank
TRANSFER_ANTAR_BANK,MAYBANK,Transfer Antar Bank
TRANSFER_ANTAR_BANK,MNC BANK,Transfer Antar Bank
TRANSFER_ANTAR_BANK,NOBU NATIONAL BANK,Transfer Antar Bank
TRANSFER_ANTAR_BANK,OCBC NISP,Transfer Antar Bank
TRANSFER_ANTAR_BANK,PANIN BANK,Transfer Antar Bank
TRANSFER_ANTAR_BANK,PERMATA BANK,Transfer Antar Bank
TRANSFER_ANTAR_BANK,PT BANK AMAR INDONESIA Tbk,Transfer Antar Bank
TRANSFER_ANTAR_BANK,PT Bank China Construction Bank Indonesia Tbk,Transfer Antar Bank
TRANSFER_ANTAR_BANK,"PT. ALLO BANK INDONESIA, TBK",Transfer Antar Bank
TRANSFER_ANTAR_BANK,PT. BANK RAYA INDONESIA,Transfer Antar Bank
TRANSFER_ANTAR_BANK,QNB BANK KESAWAN,Transfer Antar Bank
TRANSFER_ANTAR_BANK,QNB KESAWAN,Transfer Antar Bank
TRANSFER_ANTAR_BANK,RABOBANK,Transfer Antar Bank
TRANSFER_ANTAR_BANK,ROYAL BANK,Transfer Antar Bank
TRANSFER_ANTAR_BANK,STANDARD CHARTERED,Transfer Antar Bank
TRANSFER_ANTAR_BANK,STANDARD CHARTERED BANK,Transfer Antar Bank
TRANSFER_ANTAR_BANK,TCASH,Transfer Antar Bank
TRANSFER_ANTAR_BANK,UOB,Transfer Antar Bank
TRANSFER_ANTAR_BANK_UTBK_LTMPT,BANK MANDIRI,Transfer Antar Bank
TRANSFER_ANTAR_BANK_UTBK_LTMPT,BANK RAKYAT INDONESIA,Transfer Antar Bank
TRANSFER_ANTAR_BANK_UTBK_LTMPT,BPD JAWA TENGAH,Transfer Antar Bank
TRANSFER_ANTAR_BANK_UTBK_LTMPT,MANDIRI,Transfer Antar Bank
TRANSFER_BNI,BNI,Transfer BNI
TRANSFER_BNI_UTBK_LTMPT,BNI,Transfer BNI
TRANSFER_DANA_PENSIUN,BNI,Transfer BNI
TRANSFER_DPLK,?,Investasi
TRANSFER_KLIRING,ALLO BANK INDONESIA,Transfer Antar Bank
TRANSFER_KLIRING,BANGKOK BANK,Transfer Antar Bank
TRANSFER_KLIRING,BANK ACEH SYARIAH,Transfer Antar Bank
TRANSFER_KLIRING,BANK AGRO,Transfer Antar Bank
TRANSFER_KLIRING,BANK ALADIN SYARIAH,Transfer Antar Bank
TRANSFER_KLIRING,BANK AMAR INDONESIA,Transfer Antar Bank
TRANSFER_KLIRING,BANK ARTHA GRAHA,Transfer Antar Bank
TRANSFER_KLIRING,BANK BENGKULU,Transfer Antar Bank
TRANSFER_KLIRING,BANK BISNIS INTERNASIONAL,Transfer Antar Bank
TRANSFER_KLIRING,BANK BJB,Transfer Antar Bank
TRANSFER_KLIRING,BANK BJB SYARIAH,Transfer Antar Bank
TRANSFER_KLIRING,BANK BNP,Transfer Antar Bank
TRANSFER_KLIRING,BANK BPD DIY,Transfer Antar Bank
TRANSFER_KLIRING,BANK BPD DIY SYARIAH,Transfer Antar Bank
TRANSFER_KLIRING,BANK BRI,Transfer Antar Bank
TRANSFER_KLIRING,BANK BSI,Transfer Antar Bank
TRANSFER_KLIRING,BANK BTN,Transfer Antar Bank
TRANSFER_KLIRING,BANK BTPN,Transfer Antar Bank
TRANSFER_KLIRING,BANK BUKOPIN,Transfer Antar Bank
TRANSFER_KLIRING,BANK BUMI ARTA,Transfer Antar Bank
TRANSFER_KLIRING,BANK CAPITAL,Transfer Antar Bank
TRANSFER_KLIRING,BANK DKI,Transfer Antar Bank
TRANSFER_KLIRING,BANK DKI SYARIAH,Transfer Antar Bank
TRANSFER_KLIRING,BANK FAMA INTERNASIONAL,Transfer Antar Bank
TRANSFER_KLIRING,BANK GANESHA,Transfer Antar Bank
TRANSFER_KLIRING,BANK HARDA,Transfer Antar Bank
TRANSFER_KLIRING,BANK HARDA INTERNASIONAL,Transfer Antar Bank
TRANSFER_KLIRING,BANK HSBC Indonesia,Transfer Antar Bank
TRANSFER_KLIRING,BANK IBK INDONESIA,Transfer Antar Bank
TRANSFER_KLIRING,BANK INA,Transfer Antar Bank
TRANSFER_KLIRING,BANK INDEX,Transfer Antar Bank
TRANSFER_KLIRING,BANK JAGO,Transfer Antar Bank
TRANSFER_KLIRING,BANK JAMBI,Transfer Antar Bank
TRANSFER_KLIRING,BANK JASA JAKARTA,Transfer Antar Bank
TRANSFER_KLIRING,BANK JATENG,Transfer Antar Bank
TRANSFER_KLIRING,BANK JATIM,Transfer Antar Bank
TRANSFER_KLIRING,BANK KALBAR,Transfer Antar Bank
TRANSFER_KLIRING,BANK KALSEL,Transfer Antar Bank
TRANSFER_KLIRING,BANK KALSEL SYARIAH,Transfer Antar Bank
TRANSFER_KLIRING,BANK KALTENG,Transfer Antar Bank
TRANSFER_KLIRING,BANK KALTIM,Transfer Antar Bank
TRANSFER_KLIRING,BANK KALTIM SYARIAH,Transfer Antar Bank
TRANSFER_KLIRING,BANK KB BUKOPIN,Transfer Antar Bank
TRANSFER_KLIRING,BANK KESEJAHTERAAN,Transfer Antar Bank
TRANSFER_KLIRING,BANK LAMPUNG,Transfer Antar Bank
TRANSFER_KLIRING,BANK MALUKU,Transfer Antar Bank
TRANSFER_KLIRING,BANK MANTAP,Transfer Antar Bank
TRANSFER_KLIRING,BANK MAS,Transfer Antar Bank
TRANSFER_KLIRING,BANK MASPION,Transfer Antar Bank
TRANSFER_KLIRING,BANK MAYAPADA,Transfer Antar Bank
TRANSFER_KLIRING,BANK MAYORA,Transfer Antar Bank
TRANSFER_KLIRING,BANK MEGA,Transfer Antar Bank
TRANSFER_KLIRING,BANK MEGA SYARIAH,Transfer Antar Bank
TRANSFER_KLIRING,BANK MESTIKA,Transfer Antar Bank
TRANSFER_KLIRING,BANK METRO EXPRESS,Transfer Antar Bank
TRANSFER_KLIRING,BANK MIZUHO,Transfer Antar Bank
TRANSFER_KLIRING,BANK MUAMALAT,Transfer Antar Bank
TRANSFER_KLIRING,BANK NAGARI,Transfer Antar Bank
TRANSFER_KLIRING,BANK NEO COMMERCE,Transfer Antar Bank
TRANSFER_KLIRING,BANK NET SYARIAH,Transfer Antar Bank
TRANSFER_KLIRING,BANK NTB,Transfer Antar Bank
TRANSFER_KLIRING,BANK NTT,Transfer Antar Bank
TRANSFER_KLIRING,BANK OF AMERICA,Transfer Antar Bank
TRANSFER_KLIRING,BANK OF CHINA,Transfer Antar Bank
TRANSFER_KLIRING,BANK OF TOKYO-MITSUBISHI UFJ,Transfer Antar Bank
TRANSFER_KLIRING,BANK OKE,Transfer Antar Bank
TRANSFER_KLIRING,BANK PANIN DUBAI SYARIAH,Transfer Antar Bank
TRANSFER_KLIRING,BANK PAPUA,Transfer Antar Bank
TRANSFER_KLIRING,BANK RESONA PERDANIA,Transfer Antar Bank
TRANSFER_KLIRING,BANK RIAU KEPRI,Transfer Antar Bank
TRANSFER_KLIRING,BANK SAHABAT SAMPOERNA,Transfer Antar Bank
TRANSFER_KLIRING,BANK SBI,Transfer Antar Bank
TRANSFER_KLIRING,BANK SEABANK INDONESIA,Transfer Antar Bank
TRANSFER_KLIRING,BANK SINARMAS,Transfer Antar Bank
TRANSFER_KLIRING,BANK SULSELBAR,Transfer Antar Bank
TRANSFER_KLIRING,BANK SULTENG,Transfer Antar Bank
TRANSFER_KLIRING,BANK SULTRA,Transfer Antar Bank
TRANSFER_KLIRING,BANK SULUT,Transfer Antar Bank
TRANSFER_KLIRING,BANK SULUTGO,Transfer Antar Bank
TRANSFER_KLIRING,BANK SUMITOMO MITSUI,Transfer Antar Bank
TRANSFER_KLIRING,BANK SUMSELBABEL,Transfer Antar Bank
TRANSFER_KLIRING,BANK SUMUT,Transfer Antar Bank
TRANSFER_KLIRING,BANK SYARIAH BUKOPIN,Transfer Antar Bank
TRANSFER_KLIRING,BANK SYARIAH INDONESIA,Transfer Antar Bank
TRANSFER_KLIRING,BANK VICTORIA,Transfer Antar Bank
TRANSFER_KLIRING,BANK WOORI SAUDARA,Transfer Antar Bank
TRANSFER_KLIRING,BANK YUDHA BAKTI,Transfer Antar Bank
TRANSFER_KLIRING,BCA,Transfer Antar Bank
TRANSFER_KLIRING,BCA DIGITAL,Transfer Antar Bank
TRANSFER_KLIRING,BCA SYARIAH,Transfer Antar Bank
TRANSFER_KLIRING,BII MAYBANK,Transfer Antar Bank
TRANSFER_KLIRING,BNI,Transfer BNI
TRANSFER_KLIRING,BNI SYARIAH,Transfer Antar Bank
TRANSFER_KLIRING,BNP PARIBAS,Transfer Antar Bank
TRANSFER_KLIRING,BPD BALI,Transfer Antar Bank
TRANSFER_KLIRING,BPD BANTEN,Transfer Antar Bank
TRANSFER_KLIRING,BRI SYARIAH,Transfer Antar Bank
TRANSFER_KLIRING,BSI ex BRIS,Transfer Antar Bank
TRANSFER_KLIRING,BSI ex BSM,Transfer Antar Bank
TRANSFER_KLIRING,BTN SYARIAH,Transfer Antar Bank
TRANSFER_KLIRING,Bank China Construction Bank Indonesia,Transfer Antar Bank
TRANSFER_KLIRING,CIMB NIAGA,Transfer Antar Bank
TRANSFER_KLIRING,CIMB NIAGA SYARIAH,Transfer Antar Bank
TRANSFER_KLIRING,CITIBANK,Transfer Antar Bank
TRANSFER_KLIRING,COMMONWEALTH BANK,Transfer Antar Bank
TRANSFER_KLIRING,CTBC BANK,Transfer Antar Bank
TRANSFER_KLIRING,DANAMON,Transfer Antar Bank
TRANSFER_KLIRING,DANAMON SYARIAH,Transfer Antar Bank
TRANSFER_KLIRING,DBS,Transfer Antar Bank
TRANSFER_KLIRING,DBS/Eks-ANZ,Transfer Antar Bank
TRANSFER_KLIRING,DEUTSCHE BANK,Transfer Antar Bank
TRANSFER_KLIRING,ICBC,Transfer Antar Bank
TRANSFER_KLIRING,JPMORGAN,Transfer Antar Bank
TRANSFER_KLIRING,JTRUST BANK,Transfer Antar Bank
TRANSFER_KLIRING,KEB HANA BANK,Transfer Antar Bank
TRANSFER_KLIRING,MANDIRI,Transfer Antar Bank
TRANSFER_KLIRING,MANDIRI SYARIAH,Transfer Antar Bank
TRANSFER_KLIRING,MAYBANK SYARIAH,Transfer Antar Bank
TRANSFER_KLIRING,MNC BANK,Transfer Antar Bank
TRANSFER_KLIRING,NOBU NATIONAL BANK,Transfer Antar Bank
TRANSFER_KLIRING,OCBC NISP,Transfer Antar Bank
TRANSFER_KLIRING,PANIN BANK,Transfer Antar Bank
TRANSFER_KLIRING,PERMATA BANK,Transfer Antar Bank
TRANSFER_KLIRING,PERMATA BANK SYARIAH,Transfer Antar Bank
TRANSFER_KLIRING,PRIMA BANK,Transfer Antar Bank
TRANSFER_KLIRING,QNB KESAWAN,Transfer Antar Bank
TRANSFER_KLIRING,RABOBANK,Transfer Antar Bank
TRANSFER_KLIRING,STANDARD CHARTERED,Transfer Antar Bank
TRANSFER_KLIRING,UOB,Transfer Antar Bank
TRANSFER_REWARD_AKTIVASI,?,Others
TRANSFER_REWARD_AKTIVASI_START,?,Others
TRANSFER_REWARD_REFERRAL,?,Others
TRANSFER_VIRTUAL_ACCOUNT,BNI,Fintech Virtual Account
UPDATE_BALANCE_TAPCASH,?,Fintech Tapcash
WIB,HMBNK,Others
